City_ID,City,Lat,Lng,Max Temp,Current Description,Humidity,Cloudiness,Wind Speed,Country
0,Saldanha,-33.0117,17.9442,71.65,clear sky,69,0,21.14,ZA
1,Chuy,-33.6971,-53.4616,58.26,broken clouds,47,61,19.04,UY
2,Esperance,-33.8667,121.9,58.32,overcast clouds,79,100,23.35,AU
3,Alofi,-19.0595,-169.9187,75.09,scattered clouds,94,40,4.61,NU
4,Cape Town,-33.9258,18.4232,71.28,clear sky,49,0,21.85,ZA
5,Tuktoyaktuk,69.4541,-133.0374,12.2,light snow,79,100,9.22,CA
6,Hofn,64.2539,-15.2082,48.22,mist,93,100,13.8,IS
7,Cabo San Lucas,22.8909,-109.9124,82.06,clear sky,57,0,3.44,MX
8,Ushuaia,-54.8,-68.3,47.86,light intensity drizzle,71,75,18.41,AR
9,Sorland,67.667,12.6934,48.06,overcast clouds,97,100,11.97,NO
10,Rikitea,-23.1203,-134.9692,69.6,overcast clouds,79,100,8.59,PF
11,Dikson,73.5069,80.5464,29.35,snow,97,100,25.26,RU
12,Armizonskoye,55.9461,67.6736,32.7,overcast clouds,97,100,16.53,RU
13,Bluff,-46.6,168.3333,48.88,scattered clouds,89,41,6.98,NZ
14,Kodiak,57.79,-152.4072,29.71,clear sky,43,0,32.21,US
15,Luganville,-15.5333,167.1667,77.23,clear sky,85,8,1.74,VU
16,Hilo,19.7297,-155.09,72.25,broken clouds,86,75,8.05,US
17,Yellowknife,62.456,-114.3525,12.72,light snow,85,100,10.36,CA
18,Mar Del Plata,-38.0023,-57.5575,55.94,broken clouds,63,75,13.0,AR
19,Puerto Ayora,-0.7393,-90.3518,73.36,overcast clouds,91,91,8.01,EC
20,Ilulissat,69.2167,-51.1,21.22,few clouds,73,20,5.75,GL
21,Kaitangata,-46.2817,169.8464,46.29,few clouds,96,21,3.78,NZ
22,Jamestown,42.097,-79.2353,60.03,overcast clouds,90,100,9.22,US
23,Maningrida,-12.0667,134.2667,81.5,scattered clouds,76,43,6.44,AU
24,Atuona,-9.8,-139.0333,76.42,few clouds,77,14,15.35,PF
25,Fortuna,40.5982,-124.1573,51.93,overcast clouds,93,100,5.75,US
26,Upernavik,72.7868,-56.1549,14.88,scattered clouds,71,32,10.04,GL
27,Hermanus,-34.4187,19.2345,63.81,clear sky,62,0,23.31,ZA
28,Qaanaaq,77.484,-69.3632,1.36,few clouds,64,24,7.43,GL
29,Kieta,-6.2167,155.6333,78.53,scattered clouds,84,33,1.92,PG
30,Faanui,-16.4833,-151.75,78.64,broken clouds,76,52,7.81,PF
31,Tanabe,33.7333,135.3667,62.8,light rain,93,100,7.02,JP
32,Channel-Port Aux Basques,47.5702,-59.1367,52.18,overcast clouds,80,91,23.87,CA
33,San Patricio,28.017,-97.5169,80.47,overcast clouds,45,85,9.51,US
34,Punta Arenas,-53.15,-70.9167,50.11,light rain,57,75,29.93,CL
35,San Quintin,30.4833,-115.95,70.81,clear sky,54,10,4.14,MX
36,Bilma,18.6853,12.9164,79.2,clear sky,16,0,6.2,NE
37,Busselton,-33.65,115.3333,52.52,few clouds,77,11,7.49,AU
38,Port Elizabeth,-33.918,25.5701,61.11,light rain,88,75,8.05,ZA
39,Nikolskoye,59.7035,30.7861,33.78,overcast clouds,82,95,4.07,RU
40,Port Blair,11.6667,92.75,80.64,mist,78,40,3.44,IN
41,New Norfolk,-42.7826,147.0587,49.5,overcast clouds,61,100,3.0,AU
42,Margate,51.3813,1.3862,60.91,overcast clouds,86,85,5.01,GB
43,Isangel,-19.55,169.2667,74.57,few clouds,88,13,8.48,VU
44,Bakchar,57.0186,82.0711,23.59,few clouds,72,14,3.06,RU
45,Vaini,-21.2,-175.2,75.36,broken clouds,94,75,9.22,TO
46,Albany,42.6001,-73.9662,60.73,overcast clouds,58,91,4.0,US
47,Pisco,-13.7,-76.2167,63.01,overcast clouds,82,100,8.05,PE
48,Lishui,28.4604,119.9103,58.21,light rain,94,99,4.14,CN
49,Kifri,34.6959,44.9661,76.03,broken clouds,35,57,10.36,IQ
50,Alice Springs,-23.7,133.8833,58.55,clear sky,29,1,12.66,AU
51,Ous,60.9058,61.5186,31.93,overcast clouds,97,100,6.02,RU
52,Palamos,41.8484,3.1291,72.28,broken clouds,59,66,13.31,ES
53,Pangkalanbuun,-2.6833,111.6167,75.31,overcast clouds,93,100,0.63,ID
54,Kodinsk,58.6881,99.1844,22.75,overcast clouds,68,85,2.46,RU
55,Tasiilaq,65.6145,-37.6368,35.76,light rain,93,100,15.05,GL
56,Beaumont,30.0861,-94.1019,75.18,clear sky,57,0,4.61,US
57,Komsomolskiy,40.4272,71.7189,48.92,few clouds,87,24,4.61,UZ
58,Grand Gaube,-20.0064,57.6608,74.37,few clouds,73,12,5.01,MU
59,Anantapur,14.6833,77.6,73.4,overcast clouds,64,96,5.44,IN
60,Avarua,-21.2078,-159.775,75.25,overcast clouds,83,100,12.66,CK
61,Torbay,47.6666,-52.7314,58.75,few clouds,68,20,21.85,CA
62,Acolla,-11.7319,-75.5463,65.46,broken clouds,31,57,6.24,PE
63,Tiksi,71.6872,128.8694,6.04,overcast clouds,95,99,7.34,RU
64,Gorontalo,0.5412,123.0595,75.79,broken clouds,95,68,1.39,ID
65,Nemuro,43.3236,145.575,48.13,clear sky,69,10,4.72,JP
66,Butaritari,3.0707,172.7902,80.11,overcast clouds,73,94,8.28,KI
67,Nerchinskiy Zavod,51.3088,119.61,23.68,overcast clouds,80,100,15.52,RU
68,Ponta Do Sol,32.6667,-17.1,75.7,overcast clouds,83,96,1.92,PT
69,Carnarvon,-24.8667,113.6333,65.39,clear sky,54,0,23.94,AU
70,Nuuk,64.1835,-51.7216,30.81,light snow,93,75,4.61,GL
71,Bay Roberts,47.5999,-53.2648,59.5,few clouds,66,23,10.0,CA
72,Pevek,69.7008,170.3133,6.49,light snow,95,100,4.97,RU
73,Andrews,32.3187,-102.5457,65.07,clear sky,53,0,8.05,US
74,Itoman,26.1247,127.6694,75.22,light rain,88,100,19.57,JP
75,Mahebourg,-20.4081,57.7,74.25,scattered clouds,78,40,8.05,MU
76,Zemetchino,53.4973,42.6163,33.03,broken clouds,82,84,7.0,RU
77,Khatanga,71.9667,102.5,22.78,snow,95,100,19.69,RU
78,Vestmannaeyjar,63.4427,-20.2734,43.79,broken clouds,93,75,19.57,IS
79,Klaksvik,62.2266,-6.589,50.92,overcast clouds,87,100,29.91,FO
80,Bonavista,48.6499,-53.1147,53.02,few clouds,69,21,20.29,CA
81,Kavieng,-2.5744,150.7967,82.02,few clouds,73,22,10.96,PG
82,Isla Vista,34.4133,-119.861,79.3,overcast clouds,35,96,2.75,US
83,Kapaa,22.0752,-159.319,77.32,broken clouds,87,75,18.41,US
84,Pangnirtung,66.1451,-65.7125,21.2,broken clouds,73,75,13.8,CA
85,Pacifica,37.6138,-122.4869,57.52,mist,93,75,8.05,US
86,Port Alfred,-33.5906,26.891,60.19,overcast clouds,81,89,9.19,ZA
87,Berbera,10.4396,45.0143,81.5,clear sky,62,1,5.48,SO
88,Puerto Escondido,15.85,-97.0667,85.03,clear sky,61,0,4.61,MX
89,Saint-Philippe,-21.3585,55.7679,74.79,scattered clouds,84,49,12.15,RE
90,Beringovskiy,63.05,179.3167,23.29,snow,93,100,23.8,RU
91,Tateyama,34.9833,139.8667,61.75,overcast clouds,66,100,13.47,JP
92,Paragould,36.0584,-90.4973,65.08,broken clouds,81,61,6.78,US
93,Vila Velha,-20.3297,-40.2925,84.15,few clouds,81,20,16.11,BR
94,Bethel,41.3712,-73.414,64.44,clear sky,64,0,6.91,US
95,Cabedelo,-6.9811,-34.8339,86.67,broken clouds,64,66,12.28,BR
96,Lompoc,34.6391,-120.4579,48.09,scattered clouds,100,40,3.44,US
97,Soe,-9.8607,124.284,68.18,overcast clouds,95,100,0.69,ID
98,Nizwa,22.9333,57.5333,79.23,few clouds,42,23,1.5,OM
99,San Cristobal,7.7669,-72.225,77.18,scattered clouds,47,28,4.83,VE
100,Hobart,-42.8794,147.3294,49.86,overcast clouds,70,96,12.66,AU
101,Clyde River,70.4692,-68.5914,10.63,broken clouds,72,75,8.05,CA
102,Norman Wells,65.282,-126.8329,5.04,light snow,85,100,17.27,CA
103,Geraldton,-28.7667,114.6,55.81,clear sky,71,0,11.5,AU
104,Saint George,37.1041,-113.5841,53.8,clear sky,40,0,4.61,US
105,Bredasdorp,-34.5322,20.0403,59.94,scattered clouds,61,44,17.25,ZA
106,Xingyi,24.1877,102.817,47.91,clear sky,95,3,3.38,CN
107,Astoria,46.1879,-123.8313,54.91,mist,96,100,9.22,US
108,Sambava,-14.2667,50.1667,72.66,light rain,86,3,8.48,MG
109,Bayevo,53.2833,80.7667,26.91,overcast clouds,90,97,5.75,RU
110,Hovd,48.0056,91.6419,25.88,broken clouds,55,62,1.59,MN
111,Mitsamiouli,-11.3847,43.2844,77.58,few clouds,75,15,12.88,KM
112,Northam,51.0333,-4.2167,58.24,light rain,88,100,16.04,GB
113,Mount Gambier,-37.8333,140.7667,40.8,moderate rain,96,100,4.68,AU
114,Te Anau,-45.4167,167.7167,46.85,scattered clouds,93,46,2.64,NZ
115,Angoram,-4.0625,144.0661,74.41,few clouds,98,21,0.85,PG
116,Lebu,-37.6167,-73.65,57.9,clear sky,59,0,21.23,CL
117,Mecca,21.4267,39.8261,83.5,few clouds,56,21,8.21,SA
118,Porto Belo,-27.1578,-48.5531,73.35,broken clouds,77,77,19.62,BR
119,Victoria,22.2855,114.1577,78.33,overcast clouds,51,99,23.0,HK
120,Half Moon Bay,37.4636,-122.4286,57.6,mist,92,100,8.05,US
121,Manica,49.0,-1.1667,59.7,light rain,82,100,13.73,FR
122,Honiara,-9.4333,159.95,77.43,clear sky,87,5,2.62,SB
123,Mackay,-21.15,149.2,80.69,clear sky,86,2,16.37,AU
124,Puerto Madero,14.7208,-92.4215,82.69,scattered clouds,69,32,3.65,MX
125,Dingle,10.9995,122.6711,76.14,overcast clouds,89,90,7.14,PH
126,Harper,4.375,-7.7169,80.6,overcast clouds,77,85,7.49,LR
127,Sao Felix Do Xingu,-6.6447,-51.995,93.18,broken clouds,42,83,3.24,BR
128,Gat,31.61,34.7642,74.08,clear sky,100,4,7.63,IL
129,Burnie,-41.0667,145.9167,45.95,light rain,76,92,9.75,AU
130,Yantal,56.8471,105.2542,17.01,broken clouds,74,74,1.61,RU
131,Georgetown,5.4112,100.3354,79.9,scattered clouds,93,40,0.0,MY
132,Cocobeach,1.0002,9.5823,80.22,light rain,82,81,8.59,GA
133,Brae,60.3964,-1.353,53.49,overcast clouds,89,89,23.11,GB
134,Balikpapan,-1.2675,116.8289,83.39,scattered clouds,79,40,6.91,ID
135,Grindavik,63.8424,-22.4338,46.35,broken clouds,87,75,17.27,IS
136,Castro,-24.7911,-50.0119,65.05,overcast clouds,92,100,4.45,BR
137,Kiruna,67.8557,20.2251,25.72,clear sky,93,0,2.3,SE
138,Thompson,55.7435,-97.8558,35.76,broken clouds,93,75,6.91,CA
139,Cherskiy,68.75,161.3,-7.46,overcast clouds,99,99,6.85,RU
140,Chernyshevskiy,63.0128,112.4714,4.23,broken clouds,99,68,2.86,RU
141,Aden,12.7794,45.0367,81.07,broken clouds,70,78,12.41,YE
142,Ermelo,-26.5333,29.9833,52.83,light rain,94,100,11.05,ZA
143,Colotlan,22.1,-103.2667,70.92,clear sky,29,2,7.47,MX
144,Seoul,37.5683,126.9778,56.64,mist,97,20,3.44,KR
145,Olafsvik,64.8945,-23.7142,44.46,light rain,88,92,11.79,IS
146,Uyuni,-20.4597,-66.825,58.17,clear sky,8,0,20.6,BO
147,Mataura,-46.1927,168.8643,44.55,few clouds,99,20,2.53,NZ
148,Bintulu,3.1667,113.0333,77.41,thunderstorm with rain,94,40,0.0,MY
149,Airai,-8.9266,125.4092,62.26,overcast clouds,94,100,1.23,TL
150,Lavrentiya,65.5833,-171.0,16.23,broken clouds,79,82,6.4,RU
151,Budogoshch,59.2816,32.4707,32.61,broken clouds,88,61,5.28,RU
152,Port Lincoln,-34.7333,135.8667,50.43,overcast clouds,66,97,24.02,AU
153,Husavik,66.0449,-17.3389,38.44,light rain,88,78,3.62,IS
154,Sobolevo,54.4299,31.8996,34.52,few clouds,74,14,11.45,RU
155,College,64.8569,-147.8028,3.9,light snow,84,75,0.0,US
156,Luderitz,-26.6481,15.1594,64.08,scattered clouds,69,31,21.12,NA
157,Mocuba,-16.8392,36.9856,81.88,scattered clouds,60,46,8.77,MZ
158,Broken Hill,-31.95,141.4333,49.28,scattered clouds,62,50,20.94,AU
159,Malur,13.0075,77.9378,71.38,overcast clouds,80,90,5.73,IN
160,Arraial Do Cabo,-22.9661,-42.0278,89.56,few clouds,55,20,12.66,BR
161,Nome,64.5011,-165.4064,12.27,clear sky,85,0,3.44,US
162,Pasvalys,56.0594,24.4036,42.91,few clouds,69,18,5.32,LT
163,Kedrovyy,56.1667,91.8167,12.61,broken clouds,62,71,3.85,RU
164,Talnakh,69.4865,88.3972,21.34,overcast clouds,89,100,14.03,RU
165,Nantucket,41.2835,-70.0995,66.31,scattered clouds,83,40,5.75,US
166,Pauini,-7.7136,-66.9764,94.75,scattered clouds,41,38,3.18,BR
167,Steamboat Springs,40.485,-106.8317,42.3,clear sky,70,0,3.44,US
168,Dukat,62.55,155.55,-14.37,clear sky,99,7,2.04,RU
169,Poya,-21.35,165.15,72.54,scattered clouds,86,32,5.26,NC
170,Sao Filipe,14.8961,-24.4956,81.57,scattered clouds,68,31,5.57,CV
171,Belmonte,-15.8631,-38.8828,80.74,overcast clouds,70,99,10.78,BR
172,Lorengau,-2.0226,147.2712,81.66,clear sky,74,5,7.67,PG
173,Artigas,-30.4,-56.4667,65.43,broken clouds,33,83,21.0,UY
174,Saskylakh,71.9167,114.0833,-0.56,few clouds,92,19,10.38,RU
175,Hithadhoo,-0.6,73.0833,80.83,broken clouds,72,80,4.63,MV
176,Boyuibe,-20.4167,-63.2833,60.85,overcast clouds,32,100,17.34,BO
177,Neiafu,-18.65,-173.9833,74.08,overcast clouds,100,100,0.0,TO
178,Chokurdakh,70.6333,147.9167,-17.54,broken clouds,100,65,4.68,RU
179,Greenville,35.6127,-77.3663,72.12,overcast clouds,74,100,1.99,US
180,Kamariotissa,40.4833,25.4667,68.27,clear sky,70,8,10.31,GR
181,Pontal Do Parana,-25.6533,-48.5128,76.98,moderate rain,96,98,7.87,BR
182,Amapa,1.0,-52.0,97.52,overcast clouds,29,90,6.62,BR
183,Naze,28.3667,129.4833,70.72,light rain,90,100,18.19,JP
184,Zarate,-34.0981,-59.0286,63.14,clear sky,37,4,15.01,AR
185,Constitucion,-35.3333,-72.4167,71.69,clear sky,28,0,14.23,CL
186,Ancud,-41.8697,-73.8203,54.14,clear sky,59,0,6.33,CL
187,Aswan,24.0934,32.907,85.3,clear sky,26,0,6.91,EG
188,San Policarpo,12.1791,125.5072,81.46,overcast clouds,87,100,9.57,PH
189,Talaya,61.3833,152.75,-21.51,broken clouds,92,59,1.25,RU
190,Tibiri,13.5627,7.0485,91.74,clear sky,19,0,9.22,NE
191,Hervey Bay,-25.2986,152.8535,75.52,broken clouds,87,70,22.7,AU
192,Touros,-5.1989,-35.4608,84.52,scattered clouds,57,30,15.05,BR
193,Santa Rosa,14.3122,121.1114,80.11,overcast clouds,89,89,3.98,PH
194,Arlit,18.7369,7.3853,83.3,clear sky,12,3,6.69,NE
195,Kudahuvadhoo,2.6708,72.8944,79.36,overcast clouds,80,100,9.24,MV
196,Vanavara,60.34,102.2797,19.53,overcast clouds,86,87,5.82,RU
197,Haines Junction,60.7522,-137.5108,19.35,overcast clouds,68,100,8.05,CA
198,Sitka,57.0531,-135.33,37.29,few clouds,81,20,6.91,US
199,Santa Helena De Goias,-17.8136,-50.5969,79.32,broken clouds,63,77,12.88,BR
200,East London,-33.0153,27.9116,58.14,scattered clouds,88,40,6.91,ZA
201,Panama City,8.9936,-79.5197,90.45,scattered clouds,72,40,9.22,PA
202,Le Port,-20.9373,55.2919,75.2,light rain,66,20,6.51,RE
203,Vardo,70.3705,31.1107,33.78,scattered clouds,93,40,9.22,NO
204,Whitehorse,60.7161,-135.0538,25.57,light snow,86,100,9.22,CA
205,Bambous Virieux,-20.3428,57.7575,74.21,scattered clouds,78,40,8.05,MU
206,Praya,14.9215,-23.5087,88.34,scattered clouds,55,43,12.66,CV
207,Mnogovershinnyy,53.9353,139.9242,26.92,overcast clouds,77,100,3.8,RU
208,Caravelas,-17.7125,-39.2481,83.32,overcast clouds,62,98,11.56,BR
209,Necochea,-38.5473,-58.7368,53.11,overcast clouds,54,93,18.7,AR
210,Viedma,-40.8135,-62.9967,64.51,clear sky,19,0,14.0,AR
211,Blackfoot,43.1905,-112.345,52.88,scattered clouds,41,45,3.09,US
212,Wahiawa,21.5028,-158.0236,73.87,few clouds,79,20,4.61,US
213,Portland,45.5234,-122.6762,55.83,light rain,94,100,16.11,US
214,Sampit,-2.5333,112.95,75.58,overcast clouds,93,100,1.72,ID
215,Vao,-22.6667,167.4833,72.48,few clouds,82,20,8.3,NC
216,Bodden Town,19.2833,-81.25,89.6,few clouds,67,20,12.66,KY
217,Payson,40.0444,-111.7321,49.41,few clouds,58,13,1.95,US
218,Boende,-0.2167,20.8667,67.62,overcast clouds,99,100,2.48,CD
219,Pacific Grove,36.6177,-121.9166,55.42,overcast clouds,95,100,3.44,US
220,Kailua,21.4022,-157.7394,77.14,light rain,86,25,1.01,US
221,Sibu,2.3,111.8167,77.31,moderate rain,100,40,3.44,MY
222,Urengoy,65.9667,78.3667,21.13,broken clouds,86,78,16.98,RU
223,Muros,42.7762,-9.0603,63.68,clear sky,72,8,8.21,ES
224,Meulaboh,4.1363,96.1285,76.95,overcast clouds,85,100,2.26,ID
225,Beyneu,45.3167,55.2,58.55,overcast clouds,60,100,9.89,KZ
226,Barreiras,-12.1528,-44.99,85.84,overcast clouds,48,100,2.95,BR
227,Cidreira,-30.1811,-50.2056,59.23,overcast clouds,87,100,24.65,BR
228,Guane,22.2025,-84.0875,86.99,clear sky,53,0,5.99,CU
229,Nishihara,26.1842,127.7558,74.48,drizzle,88,100,19.57,JP
230,Velagici,44.5572,16.7317,64.85,clear sky,52,6,3.85,BA
231,Kayerkan,69.3497,87.7602,19.42,overcast clouds,85,99,22.17,RU
232,Aklavik,68.2191,-135.0107,-8.01,few clouds,95,21,4.07,CA
233,Awjilah,29.1081,21.2869,69.98,clear sky,39,0,8.61,LY
234,Lasa,46.6166,10.7002,63.48,broken clouds,78,84,4.07,IT
235,Oranjemund,-28.55,16.4333,59.56,broken clouds,80,82,15.03,NA
236,Ilabaya,-17.4208,-70.5133,76.44,clear sky,29,0,12.64,PE
237,Itarema,-2.9248,-39.9167,87.4,broken clouds,57,78,18.14,BR
238,Garoua,9.3,13.4,87.39,clear sky,27,0,4.27,CM
239,Souillac,-20.5167,57.5167,73.78,scattered clouds,78,40,8.05,MU
240,Pankrushikha,53.8319,80.3406,28.31,scattered clouds,67,49,5.41,RU
241,Fos-Sur-Mer,43.4377,4.9446,70.36,overcast clouds,78,100,14.97,FR
242,Leningradskiy,69.3833,178.4167,6.76,overcast clouds,89,100,14.16,RU
243,Lazarev,52.225,141.5131,40.98,overcast clouds,90,100,17.92,RU
244,Narsaq,60.9167,-46.05,26.82,clear sky,74,7,3.85,GL
245,Fare,-16.7,-151.0167,78.6,overcast clouds,75,87,7.09,PF
246,Waterloo,43.4668,-80.5164,52.74,moderate rain,99,100,6.91,CA
247,Altay,47.8667,88.1167,32.23,broken clouds,59,75,3.33,CN
248,Vagur,61.4732,-6.8119,50.74,overcast clouds,86,100,25.64,FO
249,Kahului,20.8947,-156.47,78.84,clear sky,79,0,11.5,US
250,Swinford,53.95,-8.95,51.49,broken clouds,95,75,3.44,IE
251,Columbia,34.0007,-81.0348,68.16,overcast clouds,90,100,5.75,US
252,Katangli,51.7102,143.2326,32.45,overcast clouds,74,86,5.7,RU
253,Sakakah,29.9697,40.2064,81.97,clear sky,35,3,11.05,SA
254,Moissala,8.3404,17.7663,83.14,scattered clouds,47,41,2.98,TD
255,Kenora,49.8167,-94.4337,47.37,broken clouds,57,75,13.8,CA
256,Birjand,32.8663,59.2211,63.07,clear sky,27,0,0.0,IR
257,Washington,47.5001,-120.5015,51.78,overcast clouds,76,100,2.73,US
258,Awbari,26.5921,12.7805,71.28,clear sky,32,2,9.04,LY
259,Pochutla,15.7432,-96.4661,87.82,clear sky,58,3,3.58,MX
260,Sterling,39.0062,-77.4286,64.4,broken clouds,80,75,8.05,US
261,Ravar,31.2656,56.8055,70.23,broken clouds,29,82,2.62,IR
262,Payakumbuh,-0.2202,100.6308,70.18,overcast clouds,98,100,3.09,ID
263,Praia Da Vitoria,38.7333,-27.0667,67.75,scattered clouds,68,40,4.59,PT
264,Balabac,7.9868,117.0645,77.85,moderate rain,92,100,12.28,PH
265,Srednekolymsk,67.45,153.6833,-20.02,overcast clouds,100,85,1.68,RU
266,San Felipe,10.3399,-68.7425,83.23,scattered clouds,77,48,2.71,VE
267,Pingliang,35.5392,106.6861,46.76,clear sky,83,0,6.08,CN
268,Ibra,22.6906,58.5334,76.05,scattered clouds,38,44,6.71,OM
269,Sitrah,26.1547,50.6206,84.42,clear sky,61,0,11.5,BH
270,Bani Walid,31.7566,13.9942,70.41,few clouds,51,14,12.01,LY
271,Kabo,7.6994,18.629,82.8,broken clouds,51,64,2.89,CF
272,Magdagachi,53.45,125.8,30.34,snow,98,100,7.34,RU
273,Lardos,36.0942,28.0157,69.94,clear sky,61,0,11.21,GR
274,Salalah,17.0151,54.0924,82.49,clear sky,65,0,4.61,OM
275,Hasaki,35.7333,140.8333,54.21,broken clouds,51,82,11.54,JP
276,Lichuan,30.3,108.85,48.52,clear sky,92,1,0.92,CN
277,Yashalta,46.3395,42.2762,43.52,overcast clouds,67,100,15.32,RU
278,Mikuni,36.2171,136.1519,55.31,overcast clouds,68,100,3.38,JP
279,Sinnamary,5.3833,-52.95,82.85,overcast clouds,74,98,10.33,GF
280,Merauke,-8.4667,140.3333,80.71,scattered clouds,82,25,6.89,ID
281,Ixtapa,20.7,-105.2,82.22,clear sky,69,0,3.44,MX
282,Trelew,-43.249,-65.3051,67.06,clear sky,14,0,3.06,AR
283,Inuvik,68.3499,-133.7218,13.21,light snow,85,100,4.61,CA
284,Katsuura,35.1333,140.3,61.34,overcast clouds,64,100,10.04,JP
285,Sept-Iles,50.2001,-66.3821,55.83,scattered clouds,48,40,12.66,CA
286,Hikone,35.25,136.25,57.87,light rain,62,100,6.93,JP
287,Zhigansk,66.7697,123.3711,-7.78,overcast clouds,100,93,3.74,RU
288,Debno,52.739,14.698,58.14,overcast clouds,80,92,1.77,PL
289,Inongo,-1.95,18.2667,72.72,light rain,94,98,6.29,CD
290,Derzhavinsk,51.1,66.3167,40.39,overcast clouds,81,100,18.88,KZ
291,Kruisfontein,-34.0033,24.7314,58.89,overcast clouds,60,92,8.9,ZA
292,Havre-Saint-Pierre,50.2334,-63.5986,53.96,clear sky,58,0,20.71,CA
293,Nioro,13.35,-15.75,93.22,scattered clouds,36,48,4.25,GM
294,Cayenne,4.9333,-52.3333,87.84,broken clouds,70,75,13.8,GF
295,Safaga,26.7292,33.9365,77.94,clear sky,53,0,12.01,EG
296,Teknaf,20.8624,92.3058,77.18,clear sky,87,0,6.38,BD
297,Kijang,35.2442,129.2139,51.53,scattered clouds,67,29,7.31,KR
298,Dumas,35.8656,-101.9732,61.61,clear sky,44,0,9.22,US
299,Buala,-8.145,159.5921,79.41,scattered clouds,84,32,3.98,SB
300,Bengkulu,-3.8004,102.2655,75.97,overcast clouds,88,99,3.53,ID
301,Kosh-Agach,50.0,88.6667,21.09,scattered clouds,77,34,1.57,RU
302,Fort Nelson,58.8053,-122.7002,19.94,broken clouds,96,75,1.99,CA
303,Bay City,43.5945,-83.8889,58.1,mist,90,100,3.44,US
304,Yulara,-25.2406,130.9889,54.88,clear sky,34,0,8.28,AU
305,Luanda,-8.8368,13.2343,82.4,few clouds,74,20,16.11,AO
306,Yerbogachen,61.2767,108.0108,8.92,broken clouds,98,61,3.91,RU
307,Bone,51.9669,12.1396,56.89,overcast clouds,89,99,5.41,DE
308,Okhotsk,59.3833,143.3,21.67,light snow,93,100,8.03,RU
309,Xining,36.6167,101.7667,41.31,clear sky,46,1,1.5,CN
310,Srandakan,-7.9386,110.2506,76.14,overcast clouds,88,100,3.04,ID
311,Kawalu,-7.3817,108.2082,71.19,overcast clouds,92,97,0.45,ID
312,Kuliyapitiya,7.4688,80.0401,78.48,moderate rain,94,100,2.01,LK
313,Anadyr,64.75,177.4833,-8.9,clear sky,76,0,15.66,RU
314,Bilibino,68.0546,166.4372,-21.93,overcast clouds,100,98,1.34,RU
315,Linxia,35.6003,103.2064,46.36,clear sky,49,0,2.39,CN
316,Sinnar,13.5691,33.5672,92.05,overcast clouds,25,98,0.92,SD
317,Coahuayana,18.7333,-103.6833,85.01,few clouds,60,20,2.08,MX
318,Bucerias,20.75,-105.3333,82.98,clear sky,69,0,3.44,MX
319,Bogalusa,30.791,-89.8487,74.75,clear sky,53,0,3.44,US
320,Amga,60.8953,131.9608,11.19,overcast clouds,98,96,2.62,RU
321,Mount Isa,-20.7333,139.5,76.77,light rain,50,65,20.71,AU
322,Rodbyhavn,54.6544,11.352,55.11,broken clouds,84,59,2.95,DK
323,Chapais,49.7834,-74.8492,44.38,overcast clouds,73,100,3.98,CA
324,Tatahuicapan,18.2333,-94.75,81.72,light rain,72,11,4.5,MX
325,Kasempa,-13.4584,25.8338,73.92,broken clouds,52,83,1.59,ZM
326,Kamenka,51.3223,42.7678,32.4,overcast clouds,81,91,11.95,RU
327,Barrow,71.2906,-156.7887,-2.18,scattered clouds,78,40,10.36,US
328,Porto Santo,33.072,-16.3415,73.78,few clouds,73,20,8.05,PT
329,Raga,8.4596,25.678,82.87,broken clouds,47,73,4.65,SS
330,Neryungri,56.6709,124.6491,19.18,snow,95,100,11.07,RU
331,Piombino,42.9348,10.5221,70.57,broken clouds,76,64,1.01,IT
332,Dalvik,65.9702,-18.5286,40.93,broken clouds,85,73,1.83,IS
333,Poum,-20.2333,164.0167,77.23,scattered clouds,76,25,9.64,NC
334,Boralday,43.3578,76.8594,40.86,mist,93,40,4.47,KZ
335,Guerrero Negro,27.9769,-114.0611,70.38,clear sky,59,1,0.74,MX
336,Diamantino,-14.4086,-56.4461,86.38,overcast clouds,55,93,7.61,BR
337,Tucurui,-3.7661,-49.6725,96.89,broken clouds,37,64,2.53,BR
338,Rawson,-43.3002,-65.1023,61.14,clear sky,26,0,5.28,AR
339,Ouallam,14.3188,2.0866,91.38,clear sky,12,0,10.11,NE
340,Ambilobe,-13.2,49.05,77.72,overcast clouds,63,94,5.97,MG
341,Kovernino,57.1253,43.8142,34.27,snow,97,100,10.92,RU
342,Kidal,18.4411,1.4078,84.74,overcast clouds,11,100,13.18,ML
343,Winnemucca,40.973,-117.7357,37.45,clear sky,48,0,3.44,US
344,Shelburne,44.0787,-80.2041,52.23,moderate rain,93,99,7.09,CA
345,Welkom,-27.9864,26.7066,80.35,broken clouds,23,83,6.58,ZA
346,Iqaluit,63.7506,-68.5145,17.33,light snow,72,75,21.85,CA
347,Calabozo,8.9242,-67.4293,85.24,overcast clouds,65,89,8.72,VE
348,Broome,42.2506,-75.833,60.19,broken clouds,75,75,7.0,US
349,Rio Verde De Mato Grosso,-18.9181,-54.8442,84.31,light rain,63,49,13.06,BR
350,Smithers,54.7804,-127.1743,30.52,broken clouds,93,75,2.3,CA
351,Arona,28.0996,-16.681,74.98,clear sky,70,0,14.97,ES
352,Coihaique,-45.5752,-72.0662,58.95,clear sky,33,0,3.44,CL
353,Marmaris,36.855,28.2742,70.11,clear sky,45,0,4.0,TR
354,Sokolo,14.7328,-6.1219,94.62,broken clouds,11,59,6.73,ML
355,Jega,12.2175,4.3792,87.21,clear sky,24,0,7.09,NG
356,Laguna,38.421,-121.4238,63.09,clear sky,71,0,0.0,US
357,Tavricheskoye,54.5851,73.6395,24.71,few clouds,93,11,6.2,RU
358,Gigmoto,13.7796,124.39,80.55,scattered clouds,86,47,9.1,PH
359,Ciudad Bolivar,8.1222,-63.5497,89.6,broken clouds,52,63,8.59,VE
360,Grants Pass,42.439,-123.3284,57.88,mist,90,100,3.44,US
361,Kyzyl-Suu,42.3414,78.0056,39.25,overcast clouds,84,94,5.1,KG
362,Tiznit,29.5833,-9.5,79.81,few clouds,14,13,5.57,MA
363,Yumen,40.2833,97.2,40.15,scattered clouds,38,41,6.11,CN
364,Vilyuysk,63.7553,121.6247,1.94,overcast clouds,98,99,2.82,RU
365,Bagdarin,54.4333,113.6,13.12,clear sky,58,0,10.04,RU
366,Gibara,21.1097,-76.1317,88.92,clear sky,61,8,14.58,CU
367,Christchurch,-43.5333,172.6333,48.94,fog,87,3,2.3,NZ
368,Kuminskiy,58.6667,66.5667,31.96,light snow,95,100,10.18,RU
369,Pokosnoye,55.5258,101.0536,18.72,clear sky,62,8,2.28,RU
370,Nouadhibou,20.931,-17.0347,91.38,clear sky,22,0,8.05,MR
371,Tahoua,14.8888,5.2692,93.18,clear sky,16,0,4.61,NE
372,Saint-Pierre,-21.3393,55.4781,74.88,scattered clouds,69,40,3.44,RE
373,Puerto Carreno,6.189,-67.4859,85.98,scattered clouds,74,40,9.22,CO
374,Dunedin,-45.8742,170.5036,48.79,clear sky,90,1,3.74,NZ
375,Batticaloa,7.7102,81.6924,80.37,overcast clouds,79,85,4.27,LK
376,Salta,-24.7859,-65.4117,57.58,broken clouds,31,75,4.61,AR
377,Manggar,-2.8833,108.2667,79.66,overcast clouds,80,100,3.27,ID
378,Djambala,-2.5447,14.7533,72.9,moderate rain,81,97,2.95,CG
379,Svetlaya,46.5389,138.3297,41.16,overcast clouds,81,100,9.71,RU
380,Ahipara,-35.1667,173.1667,57.2,few clouds,95,14,5.28,NZ
381,Porbandar,21.6422,69.6093,81.41,clear sky,48,0,9.78,IN
382,Lata,40.1629,-8.3327,62.82,overcast clouds,92,95,3.78,PT
383,Aksay,47.26,39.87,35.82,broken clouds,53,80,11.92,RU
384,Makat,47.6469,53.3463,50.88,overcast clouds,87,100,18.52,KZ
385,Ulaanbaatar,47.9077,106.8832,1.53,clear sky,85,0,2.24,MN
386,Dispur,26.1425,91.7889,73.35,scattered clouds,91,39,2.82,IN
387,Strezhevoy,60.7333,77.5889,24.48,overcast clouds,86,100,9.64,RU
388,Qaqortoq,60.7167,-46.0333,21.52,few clouds,74,24,3.8,GL
389,Praia,14.9215,-23.5087,88.34,scattered clouds,55,43,12.66,CV
390,Dickinson,29.4608,-95.0513,76.15,clear sky,63,0,3.44,US
391,Kununurra,-15.7667,128.7333,78.78,clear sky,83,3,5.75,AU
392,Verkhniy Avzyan,53.5289,57.5372,40.15,moderate rain,98,100,5.68,RU
393,Chumikan,54.7183,135.315,34.14,snow,98,100,13.65,RU
394,Turukhansk,65.8167,87.9833,17.29,overcast clouds,95,96,13.22,RU
395,Bajos De Haina,18.4154,-70.0332,85.96,broken clouds,75,75,5.75,DO
396,Graaff-Reinet,-32.2522,24.5308,58.93,scattered clouds,57,42,17.36,ZA
397,Gawler,-34.6,138.7333,50.16,overcast clouds,95,100,11.45,AU
398,Nizhniy Kuranakh,58.8353,125.4869,18.39,light snow,97,100,4.41,RU
399,Westport,41.1415,-73.3579,65.55,broken clouds,70,54,1.99,US
400,Whitefish,48.4111,-114.3376,51.55,overcast clouds,76,100,10.36,US
401,Ruteng,-8.6136,120.4721,64.11,overcast clouds,94,100,2.37,ID
402,Griffith,41.5284,-87.4237,59.05,moderate rain,97,100,0.0,US
403,Vestmanna,62.1564,-7.1664,49.12,overcast clouds,93,100,14.97,FO
404,Chauk,20.8833,94.8167,77.7,clear sky,67,1,4.23,MM
405,Ryotsu,38.0833,138.4333,57.99,overcast clouds,70,90,7.38,JP
406,Santa Cruz,-17.8,-63.1667,55.45,overcast clouds,71,100,29.93,BO
407,Taoudenni,22.6783,-3.9836,90.77,overcast clouds,8,100,4.43,ML
408,Neepawa,50.2289,-99.4664,41.4,broken clouds,53,73,15.55,CA
409,Macia,-25.0269,33.0989,70.39,light rain,82,100,14.72,MZ
410,Palu,-0.8917,119.8707,75.85,overcast clouds,96,86,2.35,ID
411,Karratha,-20.7377,116.8463,73.2,clear sky,20,0,9.78,AU
412,Micheweni,-4.9667,39.8333,77.74,overcast clouds,83,98,10.89,TZ
413,Mwingi,-0.9344,38.0601,74.32,overcast clouds,59,90,4.61,KE
414,Progreso,21.2833,-89.6667,83.1,scattered clouds,60,29,8.46,MX
415,Batemans Bay,-35.7167,150.1833,65.1,broken clouds,63,70,12.15,AU
416,Nukus,42.4531,59.6103,51.78,clear sky,62,0,6.91,UZ
417,Grand-Santi,4.25,-54.3833,85.51,overcast clouds,62,100,2.1,GF
418,Ulladulla,-35.35,150.4667,68.9,light rain,70,92,15.28,AU
419,Yar-Sale,66.8333,70.8333,25.38,snow,96,100,16.89,RU
420,Sikeston,36.8767,-89.5879,62.64,overcast clouds,88,100,5.75,US
421,Agar,23.7,76.0167,67.91,clear sky,45,0,6.22,IN
422,Tuatapere,-46.1333,167.6833,46.4,few clouds,95,17,5.48,NZ
423,Tabuk,17.4189,121.4443,74.82,overcast clouds,93,100,7.14,PH
424,Matara,5.9485,80.5353,77.23,light rain,89,63,7.25,LK
425,Santa Fe,-31.6333,-60.7,66.02,clear sky,37,4,17.0,AR
426,Severo-Kurilsk,50.6789,156.125,37.13,clear sky,72,9,20.22,RU
427,Ghanzi,-21.5667,21.7833,77.83,light rain,43,50,14.81,BW
428,Novovorontsovka,47.5004,33.9175,44.67,clear sky,50,0,12.41,UA
429,Coquimbo,-29.9533,-71.3436,62.33,clear sky,67,0,11.5,CL
430,Hobyo,5.3505,48.5268,80.26,clear sky,72,3,12.41,SO
431,Noshiro,40.2039,140.0242,48.43,few clouds,81,17,7.61,JP
432,Henderson,36.0397,-114.9819,67.24,clear sky,24,0,6.91,US
433,Turkmenabat,39.0733,63.5786,55.38,clear sky,47,0,9.22,TM
434,Galle,6.0367,80.217,79.2,broken clouds,83,51,7.87,LK
435,Tabou,4.423,-7.3528,80.55,broken clouds,77,52,6.69,CI
436,Vila Franca Do Campo,37.7167,-25.4333,64.81,overcast clouds,59,100,1.52,PT
437,Ribeira Grande,38.5167,-28.7,66.78,few clouds,59,20,5.75,PT
438,Quatre Cocos,-20.2078,57.7625,74.08,scattered clouds,79,29,12.97,MU
439,Methoni,36.8197,21.7049,68.22,clear sky,56,2,6.55,GR
440,Sao Miguel Do Araguaia,-13.275,-50.1628,92.86,broken clouds,43,68,5.19,BR
441,Alice Town,25.7167,-79.3,80.6,clear sky,76,1,8.1,BS
442,Loreto,22.2667,-101.9667,68.99,clear sky,34,4,13.0,MX
443,Merritt,50.1123,-120.7942,44.8,overcast clouds,84,92,5.21,CA
444,Neusiedl Am See,47.9357,16.8325,56.71,few clouds,68,12,8.46,AT
445,Bogo,11.0517,124.0055,79.81,broken clouds,84,67,2.89,PH
446,Peace River,56.2501,-117.286,25.11,few clouds,80,20,4.61,CA
447,Minna,9.6139,6.5569,92.91,clear sky,29,0,2.3,NG
448,Sioux Lookout,50.1001,-91.917,48.27,scattered clouds,53,40,11.5,CA
449,Port Hedland,-20.3167,118.5667,66.25,clear sky,14,0,10.36,AU
450,Gushikawa,26.3544,127.8686,74.43,light rain,88,75,13.8,JP
451,Puerto Leguizamo,-0.1934,-74.7819,92.79,broken clouds,41,73,6.24,CO
452,Ugoofaaru,5.6667,73.0,81.45,broken clouds,67,84,8.97,MV
453,Iralaya,15.0,-83.2333,82.94,light rain,73,51,12.53,HN
454,Piqua,40.1448,-84.2424,64.09,overcast clouds,89,100,13.96,US
455,La Ronge,55.1001,-105.2842,41.22,broken clouds,56,75,12.66,CA
456,Breytovo,58.2993,37.8617,36.64,overcast clouds,82,100,19.26,RU
457,Provideniya,64.3833,-173.3,14.72,broken clouds,85,57,9.06,RU
458,Cam Ranh,11.9214,109.1591,75.16,few clouds,94,20,1.14,VN
459,Novovasylivka,46.8315,35.7536,42.82,clear sky,39,1,10.69,UA
460,Skala,50.2305,19.8536,60.62,clear sky,76,0,1.14,PL
461,Acarau,-2.8856,-40.12,87.85,overcast clouds,58,85,19.33,BR
462,Maragogi,-9.0122,-35.2225,82.06,broken clouds,65,67,10.18,BR
463,Dossor,47.5272,52.9811,51.4,overcast clouds,86,100,19.26,KZ
464,Melk,48.2274,15.3319,61.2,few clouds,95,12,4.12,AT
465,Concepcion Del Oro,24.6333,-101.4167,63.41,clear sky,33,0,6.13,MX
466,Cardiff,51.48,-3.18,58.87,moderate rain,83,40,18.41,GB
467,Olga,43.7444,135.2892,42.87,overcast clouds,87,97,3.6,RU
468,Idil,37.3411,41.8895,60.73,clear sky,45,0,11.5,TR
469,Massakory,12.996,15.7293,91.29,broken clouds,18,78,10.25,TD
470,Doume,4.2333,13.45,72.55,light rain,91,84,2.89,CM
471,Porecatu,-22.7558,-51.3792,79.61,overcast clouds,70,100,3.94,BR
472,Loiza,18.4313,-65.8802,89.64,scattered clouds,71,40,12.66,PR
473,Longyearbyen,78.2186,15.6401,28.24,broken clouds,74,75,11.5,SJ
474,Iskateley,67.6803,53.1512,34.05,overcast clouds,98,100,11.18,RU
475,Dharmadam,11.7833,75.4333,79.02,moderate rain,82,95,0.29,IN
476,Taunggyi,20.7833,97.0333,60.22,scattered clouds,92,46,0.94,MM
477,Antsohihy,-14.8796,47.9875,78.13,few clouds,69,13,2.91,MG
478,Nueva Rosita,27.95,-101.2167,68.59,overcast clouds,73,99,10.36,MX
479,Abnub,27.2696,31.1511,77.22,clear sky,32,0,8.23,EG
480,Padang,-0.9492,100.3543,77.05,overcast clouds,85,100,3.2,ID
481,Ardahan,41.1087,42.7022,36.39,broken clouds,79,65,4.92,TR
482,Taltal,-25.4,-70.4833,65.34,clear sky,63,4,7.74,CL
483,Kamaishi,39.2667,141.8833,53.91,overcast clouds,74,92,2.95,JP
484,Palasa,18.7667,84.4167,73.94,clear sky,72,9,3.51,IN
485,Ginda,30.6945,78.4932,52.72,clear sky,51,0,6.04,IN
486,Bloomington,44.8408,-93.2983,60.73,clear sky,53,9,1.99,US
487,Huayucachi,-12.1333,-75.2333,68.9,few clouds,28,18,2.82,PE
488,Levin,-40.6333,175.275,53.67,scattered clouds,91,43,1.88,NZ
489,Nevers,46.9167,3.3333,64.98,light rain,72,100,2.3,FR
490,Kashi,39.4547,75.9797,51.01,clear sky,40,5,6.71,CN
491,Kalevala,65.2,31.1667,27.45,few clouds,96,18,2.28,RU
492,Sabha,27.0377,14.4283,71.65,clear sky,32,0,6.87,LY
493,Port-Gentil,-0.7193,8.7815,82.36,broken clouds,83,75,10.36,GA
494,Kud,33.0833,75.2833,51.48,overcast clouds,50,86,6.24,IN
495,Novikovo,51.1537,37.8879,34.7,scattered clouds,73,50,15.17,RU
496,Ossora,59.2353,163.0719,20.97,few clouds,73,23,9.44,RU
497,Sestri Levante,44.2732,9.3968,69.51,overcast clouds,85,87,1.99,IT
498,Nova Olinda Do Norte,-3.8881,-59.0942,103.28,overcast clouds,27,100,3.89,BR
499,Samarai,-10.6167,150.6667,82.04,few clouds,78,13,12.53,PG
500,Lakselv,70.0513,24.9718,30.02,clear sky,80,0,13.8,NO
501,Nazarovo,56.0064,90.3914,26.6,overcast clouds,58,100,5.68,RU
502,Mangan,27.5167,88.5333,63.77,clear sky,47,0,6.8,IN
503,Ipixuna,-1.7625,-48.8043,88.81,broken clouds,54,74,7.0,BR
504,Mezen,65.8522,44.24,36.5,broken clouds,80,80,9.42,RU
505,Huarmey,-10.0681,-78.1522,68.72,overcast clouds,69,92,11.56,PE
506,Ocala,29.1872,-82.1401,84.18,scattered clouds,67,40,4.61,US
507,Dudinka,69.4058,86.1778,16.81,overcast clouds,89,97,20.56,RU
508,Egvekinot,66.3167,-179.1667,-0.17,broken clouds,93,75,7.29,RU
509,Stephenville,32.2207,-98.2023,70.77,clear sky,51,0,3.44,US
510,Mehamn,71.0357,27.8492,37.35,broken clouds,93,75,9.22,NO
511,Les Cayes,18.2,-73.75,84.27,broken clouds,71,82,11.63,HT
512,Narasannapeta,18.4167,84.05,75.16,scattered clouds,73,36,5.99,IN
513,Shimoda,34.6667,138.95,58.1,overcast clouds,68,100,13.98,JP
514,Paamiut,61.994,-49.6678,29.5,scattered clouds,72,39,20.15,GL
515,Port Hardy,50.6996,-127.4199,39.38,scattered clouds,100,40,6.91,CA
516,Wasilla,61.5814,-149.4394,24.35,scattered clouds,75,40,4.61,US
517,Bandar,2.05,99.75,74.07,overcast clouds,97,93,2.26,ID
518,Tambun,-6.2641,107.0712,82.04,overcast clouds,76,100,3.98,ID
519,Felanitx,39.4696,3.1483,73.96,clear sky,74,9,6.58,ES
520,Lolodorf,3.2333,10.7333,73.49,moderate rain,93,73,1.32,CM
521,Priargunsk,50.3691,119.1012,25.23,overcast clouds,74,100,18.68,RU
522,Mahon,39.8885,4.2658,72.16,scattered clouds,83,40,9.22,ES
523,Yasnogorsk,54.4803,37.6975,37.56,overcast clouds,84,99,19.51,RU
524,Bronnoysund,65.4625,12.1997,48.2,light intensity shower rain,93,75,3.44,NO
525,Ambon,-3.6954,128.1814,77.14,few clouds,94,20,4.61,ID
526,Oistins,13.0667,-59.5333,86.09,scattered clouds,74,40,19.57,BB
527,Fochville,-26.4886,27.4939,74.79,broken clouds,22,66,8.14,ZA
528,Acapulco,16.8634,-99.8901,84.02,clear sky,74,0,0.0,MX
529,Coolum Beach,-26.5333,153.1,75.11,overcast clouds,88,90,15.59,AU
530,Flinders,-34.5833,150.8552,70.38,light rain,68,100,16.51,AU
531,Marigot,18.0667,-63.0833,87.04,broken clouds,76,75,14.97,MF
532,Port Keats,-14.25,129.55,81.57,overcast clouds,78,89,9.95,AU
533,Asmar,35.0333,71.3581,62.64,broken clouds,59,80,4.79,AF
534,Jalu,29.0331,21.5482,69.75,clear sky,37,0,8.55,LY
535,Mount Vernon,40.9126,-73.8371,65.41,broken clouds,70,75,8.05,US
536,Tatarsk,55.219,75.9828,21.47,few clouds,93,13,5.79,RU
537,Walvis Bay,-22.9575,14.5053,70.75,clear sky,60,0,10.36,NA
538,Basco,20.4487,121.9702,81.97,overcast clouds,85,100,20.83,PH
539,Gaya,24.7833,85.0,71.51,mist,73,40,0.0,IN
540,Forbes,-33.3833,148.0167,56.91,light rain,82,100,18.95,AU
541,Agadir,30.4202,-9.5982,91.85,broken clouds,25,63,8.97,MA
542,Prabumulih,-3.45,104.25,74.71,overcast clouds,96,100,2.48,ID
543,Bowen,-20.0167,148.2333,80.42,scattered clouds,81,26,14.63,AU
544,Bathsheba,13.2167,-59.5167,86.61,scattered clouds,74,40,19.57,BB
545,Khartoum,15.5518,32.5324,92.01,scattered clouds,28,32,11.97,SD
546,Bosaso,11.2842,49.1816,79.47,few clouds,78,11,8.12,SO
547,Freeport,40.6576,-73.5832,65.97,clear sky,68,0,8.05,US
548,Barsovo,61.1667,73.1667,26.73,overcast clouds,71,100,14.36,RU
549,Aitape,-3.1374,142.3475,81.41,broken clouds,82,76,4.38,PG
550,Bandarbeyla,9.4942,50.8122,79.7,few clouds,78,22,10.29,SO
551,Ongandjera,-17.8833,15.0667,87.85,scattered clouds,29,30,9.98,NA
552,Kuusamo,65.9667,29.1833,28.44,mist,93,75,1.14,FI
553,Panjakent,39.4952,67.6093,52.77,clear sky,70,1,4.29,TJ
554,Ushtobe,45.2514,77.9838,50.54,overcast clouds,58,99,5.57,KZ
555,Gewane,10.1664,40.6453,85.86,clear sky,15,3,8.34,ET
556,Garango,11.8,-0.5506,90.66,clear sky,24,2,5.95,BF
557,Medvezhyegorsk,62.9167,34.4667,29.52,broken clouds,93,57,3.69,RU
558,Jizan,17.3333,42.6667,86.94,scattered clouds,53,33,3.13,SA
559,Pontianak,-0.0333,109.3333,76.98,scattered clouds,94,40,4.61,ID
560,Kissidougou,9.1848,-10.0999,81.14,broken clouds,65,53,4.9,GN
561,Inirida,3.8653,-67.9239,94.89,scattered clouds,46,41,1.28,CO
562,Ola,59.5833,151.2833,14.31,broken clouds,55,66,6.67,RU
563,Nynashamn,58.9034,17.9479,52.16,broken clouds,91,57,8.81,SE
564,Ozernovskiy,51.5,156.5167,32.63,clear sky,72,8,13.35,RU
565,Madimba,-10.4,40.3333,75.34,clear sky,81,0,10.51,TZ
566,Placido De Castro,-10.3353,-67.1856,93.4,scattered clouds,43,49,4.29,BR
567,Tianpeng,30.9866,103.9393,64.72,scattered clouds,73,43,4.12,CN
568,Athabasca,54.7169,-113.2854,28.81,clear sky,39,8,8.61,CA
569,Sibolga,1.7427,98.7792,76.35,moderate rain,90,100,1.77,ID
570,Duki,30.1541,68.5728,70.99,few clouds,30,13,8.37,PK
571,Yetkul,54.8221,61.588,37.65,overcast clouds,97,100,14.27,RU
572,Leh,34.1667,77.5833,35.53,overcast clouds,51,92,6.2,IN
573,Vila Do Maio,15.1333,-23.2167,88.59,broken clouds,69,66,9.69,CV
574,Zdvinsk,54.7021,78.661,29.23,clear sky,74,9,5.64,RU
575,Los Llanos De Aridane,28.6585,-17.9182,72.12,clear sky,85,0,5.75,ES
576,Houma,29.5958,-90.7195,75.2,scattered clouds,70,27,1.77,US
577,Inegol,40.0781,29.5133,52.88,few clouds,54,20,1.14,TR
578,Wainwright,52.839,-110.8572,39.9,overcast clouds,39,100,6.71,CA
579,Baikunthpur,23.25,82.55,63.18,scattered clouds,67,45,3.06,IN
580,Safford,32.834,-109.7076,67.12,clear sky,38,0,0.0,US
581,Katima Mulilo,-17.5,24.2667,85.86,overcast clouds,28,95,5.26,NA
582,Morro Bay,35.3658,-120.8499,63.14,overcast clouds,1,100,3.33,US
583,Skjervoy,70.0311,20.9714,35.6,light rain,72,95,7.76,NO
584,Teguise,29.0605,-13.564,73.62,clear sky,78,0,12.66,ES
585,Altamira,-3.2033,-52.2064,89.69,broken clouds,62,75,8.05,BR
586,Sitapur,27.5667,80.6833,71.53,clear sky,53,0,3.09,IN
587,Whitianga,-36.8333,175.7,57.63,few clouds,94,15,3.56,NZ
588,Dali,25.7,100.1833,53.49,clear sky,65,3,1.48,CN
589,Salekhard,66.53,66.6019,26.02,light snow,96,100,8.9,RU
590,Zaraza,9.3503,-65.3245,83.39,broken clouds,79,70,5.28,VE
591,Plouzane,48.3833,-4.6167,57.52,light rain,100,100,18.41,FR
592,Wanning,18.8003,110.3967,73.98,overcast clouds,63,100,16.75,CN
593,Yambio,4.5721,28.3955,71.89,light rain,90,95,3.11,SS
594,Namie,37.4833,141.0,57.2,overcast clouds,58,94,1.74,JP
595,Fengzhen,40.4394,113.1536,33.08,clear sky,33,1,2.19,CN
596,Coruripe,-10.1256,-36.1756,83.61,few clouds,60,15,12.57,BR
597,Menongue,-14.6585,17.691,71.78,broken clouds,60,82,5.46,AO
598,Mayo,38.8876,-76.5119,66.18,overcast clouds,83,100,9.22,US
599,Nowogard,53.6744,15.1163,57.96,mist,100,100,2.3,PL
600,Araouane,18.9048,-3.5265,89.04,overcast clouds,10,89,10.42,ML
601,Batagay-Alyta,67.8006,130.4114,-1.25,overcast clouds,92,100,1.54,RU
602,Ahuimanu,21.4447,-157.8378,76.86,light rain,83,20,1.01,US
603,Dakar,14.6937,-17.4441,94.08,broken clouds,45,76,0.0,SN
604,Erenhot,43.6475,111.9767,30.33,clear sky,35,10,6.35,CN
605,Buraydah,26.326,43.975,82.85,few clouds,13,24,6.22,SA
606,Ukiah,39.1502,-123.2078,62.64,clear sky,87,0,0.0,US
607,Kenai,60.5544,-151.2583,28.15,overcast clouds,69,100,9.22,US
608,Maarianhamina,60.0973,19.9348,49.86,few clouds,100,20,6.91,AX
609,Ishigaki,24.3448,124.1572,73.53,heavy intensity rain,100,75,29.93,JP
610,Mantua,45.1667,10.7833,70.75,overcast clouds,76,87,1.01,IT
611,Ucluelet,48.9329,-125.5528,48.09,scattered clouds,94,37,16.73,CA
612,Grootfontein,-19.5667,18.1167,90.97,few clouds,14,20,3.44,NA
613,Muhororo,0.9381,30.7594,63.57,moderate rain,98,99,2.73,UG
614,Itacarambi,-15.1022,-44.0919,91.78,broken clouds,40,84,4.43,BR
615,Ruidoso,33.3317,-105.673,55.26,overcast clouds,43,94,0.0,US
616,Pitimbu,-7.4706,-34.8086,86.59,broken clouds,61,51,10.49,BR
617,Nawabshah,26.2483,68.4096,82.36,clear sky,28,0,10.07,PK
618,Kota Belud,6.351,116.4305,76.6,heavy intensity rain,95,100,6.6,MY
619,Tabas,33.5959,56.9244,72.12,clear sky,29,8,2.46,IR
620,Turan,16.0678,108.2208,78.78,scattered clouds,61,40,9.22,VN
621,Merke,42.8728,73.1786,45.19,scattered clouds,77,33,6.08,KZ
622,Turtas,58.9417,69.1325,31.93,overcast clouds,66,100,11.34,RU
623,Qrendi,35.8347,14.4583,70.11,few clouds,73,20,6.91,MT
624,Verkhnevilyuysk,63.4453,120.3167,2.07,overcast clouds,98,100,2.55,RU
625,Marsh Harbour,26.5412,-77.0636,80.73,broken clouds,74,57,11.23,BS
626,Maldonado,-34.6667,-54.9167,58.39,broken clouds,51,84,18.1,UY
627,Stornoway,58.2093,-6.3865,51.76,scattered clouds,91,40,10.36,GB
628,Dhariwal,31.9542,75.3192,71.24,broken clouds,47,67,7.72,IN
629,Opunake,-39.4556,173.8583,52.11,clear sky,89,1,5.7,NZ
630,Marawi,7.9986,124.2928,69.26,broken clouds,81,60,2.37,PH
631,Mirabad,30.4362,61.8383,73.74,scattered clouds,27,35,2.1,AF
632,Marzuq,14.4,46.4667,70.3,clear sky,43,7,2.39,YE
633,Bainbridge,47.6262,-122.5212,55.89,overcast clouds,91,100,16.11,US
634,Tura,25.5198,90.2201,68.58,broken clouds,95,61,3.91,IN
635,Clearwater,27.9659,-82.8001,87.12,clear sky,71,0,6.91,US
636,Kautokeino,69.0125,23.0412,26.71,overcast clouds,99,100,1.32,NO
637,Shenjiamen,29.9576,122.298,66.87,overcast clouds,72,100,18.07,CN
638,Jackson,42.4165,-122.8345,56.44,clear sky,87,0,3.44,US
639,Kremenchuk,49.0973,33.4197,42.03,clear sky,51,1,10.07,UA
640,Lagoa,39.05,-27.9833,62.02,broken clouds,58,59,5.68,PT
641,Sola,-13.8833,167.55,79.66,clear sky,76,6,6.46,VU
642,Iaciara,-14.0958,-46.6317,73.35,light rain,87,96,12.37,BR
643,Strausberg,52.5786,13.8874,60.08,overcast clouds,80,86,2.33,DE
644,Vicuna,-30.0319,-70.7081,78.76,clear sky,29,0,10.0,CL
645,Lufilufi,-13.8745,-171.5986,76.78,moderate rain,79,86,12.24,WS
646,Bokoro,12.3807,17.0568,92.35,scattered clouds,20,28,8.97,TD
647,Lazaro Cardenas,17.9583,-102.2,83.19,scattered clouds,64,25,3.0,MX
648,Tagbac,7.089,125.1567,72.39,overcast clouds,90,100,0.22,PH
649,Kangaatsiaq,68.3065,-53.4641,24.76,overcast clouds,88,88,5.95,GL
650,Gladstone,-23.85,151.25,76.93,light rain,78,75,9.22,AU
651,Pasni,25.2631,63.471,79.77,clear sky,77,0,15.79,PK
652,Cairns,-16.9167,145.7667,82.11,scattered clouds,82,40,3.44,AU
653,San Andres,12.5847,-81.7006,82.42,broken clouds,83,75,3.44,CO
654,Makakilo City,21.3469,-158.0858,75.69,few clouds,79,20,4.61,US
655,Pedasi,7.5333,-80.0333,88.07,light rain,74,96,5.59,PA
656,Aykhal,66.0,111.5,-7.76,overcast clouds,100,89,7.29,RU
657,Port Augusta,-32.5,137.7667,51.84,light rain,83,69,25.61,AU
658,Milyutinskaya,48.6279,41.6679,35.46,broken clouds,65,71,14.97,RU
659,Melville,40.7934,-73.4151,66.06,clear sky,70,0,4.61,US
660,Akyab,20.15,92.9,79.88,few clouds,84,12,5.21,MM
661,Aktash,50.3,87.7333,19.69,overcast clouds,70,99,4.65,RU
662,Teguldet,57.3064,88.1667,22.15,broken clouds,73,62,5.03,RU
663,Nizhniy Tsasuchey,50.5167,115.1333,20.59,clear sky,55,0,17.9,RU
664,Iranshahr,27.2025,60.6848,84.54,clear sky,24,0,0.0,IR
665,Kivsharivka,49.6213,37.7036,36.48,scattered clouds,70,39,13.65,UA
666,Hirara,24.8,125.2833,76.95,moderate rain,93,100,17.74,JP
667,Leshukonskoye,64.8989,45.7622,30.63,few clouds,87,20,7.34,RU
668,Saint-Joseph,-21.3667,55.6167,73.78,scattered clouds,83,37,10.63,RE
669,Khakhea,-24.6895,23.494,84.63,scattered clouds,15,28,6.91,BW
670,Wamba,8.9333,8.6,80.13,clear sky,44,0,1.74,NG
671,Muscat,23.6139,58.5922,82.42,few clouds,48,23,3.22,OM
672,Santa Lucia,27.9117,-15.5407,69.76,few clouds,73,20,17.27,ES
673,Kitui,-1.367,38.0106,71.51,broken clouds,62,84,6.67,KE
674,Waingapu,-9.6567,120.2641,80.24,broken clouds,76,81,5.32,ID
675,Pospelikha,51.95,81.7667,35.02,overcast clouds,93,100,9.53,RU
676,Miraflores,19.2167,-98.8083,70.97,light rain,63,14,3.47,MX
677,Codrington,-38.2667,141.9667,40.77,overcast clouds,94,99,7.92,AU
678,Sungairaya,0.7,108.9,77.76,overcast clouds,89,100,2.08,ID
679,Feni,23.0186,91.41,74.44,few clouds,91,20,5.3,BD
680,Prince Rupert,54.3161,-130.3201,38.89,light rain,91,100,24.16,CA
681,Oktyabrskiy,54.4815,53.471,32.22,broken clouds,80,82,3.11,RU
682,Rawlins,41.7911,-107.2387,44.35,clear sky,42,0,21.85,US
